location,date,people_fully_vaccinated_per_hundred
High-income countries,2020-12-13,0.0
High-income countries,2020-12-14,0.0
High-income countries,2020-12-15,0.0
High-income countries,2020-12-16,0.0
High-income countries,2020-12-17,0.0
High-income countries,2020-12-18,0.0
High-income countries,2020-12-19,0.0
High-income countries,2020-12-20,0.0
High-income countries,2020-12-21,0.0
High-income countries,2020-12-22,0.0
High-income countries,2020-12-23,0.0
High-income countries,2020-12-24,0.0
High-income countries,2020-12-25,0.0
High-income countries,2020-12-26,0.0
High-income countries,2020-12-27,0.0
High-income countries,2020-12-28,0.0
High-income countries,2020-12-29,0.0
High-income countries,2020-12-30,0.0
High-income countries,2020-12-31,0.0
High-income countries,2021-01-01,0.0
High-income countries,2021-01-02,0.0
High-income countries,2021-01-03,0.0
High-income countries,2021-01-04,0.01
High-income countries,2021-01-05,0.02
High-income countries,2021-01-06,0.03
High-income countries,2021-01-07,0.05
High-income countries,2021-01-08,0.08
High-income countries,2021-01-09,0.09
High-income countries,2021-01-10,0.15
High-income countries,2021-01-11,0.18
High-income countries,2021-01-12,0.21
High-income countries,2021-01-13,0.24
High-income countries,2021-01-14,0.25
High-income countries,2021-01-15,0.27
High-income countries,2021-01-16,0.28
High-income countries,2021-01-17,0.29
High-income countries,2021-01-18,0.32
High-income countries,2021-01-19,0.37
High-income countries,2021-01-20,0.42
High-income countries,2021-01-21,0.47
High-income countries,2021-01-22,0.5
High-income countries,2021-01-23,0.53
High-income countries,2021-01-24,0.55
High-income countries,2021-01-25,0.62
High-income countries,2021-01-26,0.7
High-income countries,2021-01-27,0.78
High-income countries,2021-01-28,0.86
High-income countries,2021-01-29,0.94
High-income countries,2021-01-30,0.98
High-income countries,2021-01-31,1.02
High-income countries,2021-02-01,1.09
High-income countries,2021-02-02,1.18
High-income countries,2021-02-03,1.29
High-income countries,2021-02-04,1.41
High-income countries,2021-02-05,1.53
High-income countries,2021-02-06,1.59
High-income countries,2021-02-07,1.63
High-income countries,2021-02-08,1.72
High-income countries,2021-02-09,1.83
High-income countries,2021-02-10,1.95
High-income countries,2021-02-11,2.08
High-income countries,2021-02-12,2.23
High-income countries,2021-02-13,2.29
High-income countries,2021-02-14,2.34
High-income countries,2021-02-15,2.41
High-income countries,2021-02-16,2.51
High-income countries,2021-02-17,2.63
High-income countries,2021-02-18,2.75
High-income countries,2021-02-19,2.88
High-income countries,2021-02-20,2.95
High-income countries,2021-02-21,3.0
High-income countries,2021-02-22,3.09
High-income countries,2021-02-23,3.36
High-income countries,2021-02-24,3.5
High-income countries,2021-02-25,3.64
High-income countries,2021-02-26,3.79
High-income countries,2021-02-27,3.87
High-income countries,2021-02-28,3.92
High-income countries,2021-03-01,4.0
High-income countries,2021-03-02,4.11
High-income countries,2021-03-03,4.25
High-income countries,2021-03-04,4.41
High-income countries,2021-03-05,4.57
High-income countries,2021-03-06,4.67
High-income countries,2021-03-07,4.73
High-income countries,2021-03-08,4.84
High-income countries,2021-03-09,4.98
High-income countries,2021-03-10,5.14
High-income countries,2021-03-11,5.32
High-income countries,2021-03-12,5.52
High-income countries,2021-03-13,5.62
High-income countries,2021-03-14,5.68
High-income countries,2021-03-15,5.81
High-income countries,2021-03-16,5.95
High-income countries,2021-03-17,6.11
High-income countries,2021-03-18,6.28
High-income countries,2021-03-19,6.45
High-income countries,2021-03-20,6.55
High-income countries,2021-03-21,6.6
High-income countries,2021-03-22,6.72
High-income countries,2021-03-23,6.87
High-income countries,2021-03-24,7.06
High-income countries,2021-03-25,7.26
High-income countries,2021-03-26,7.51
High-income countries,2021-03-27,7.64
High-income countries,2021-03-28,7.72
High-income countries,2021-03-29,7.89
High-income countries,2021-03-30,8.1
High-income countries,2021-03-31,8.35
High-income countries,2021-04-01,8.64
High-income countries,2021-04-02,8.87
High-income countries,2021-04-03,9.0
High-income countries,2021-04-04,9.06
High-income countries,2021-04-05,9.24
High-income countries,2021-04-06,9.49
High-income countries,2021-04-07,9.78
High-income countries,2021-04-08,10.1
High-income countries,2021-04-09,10.43
High-income countries,2021-04-10,10.64
High-income countries,2021-04-11,10.76
High-income countries,2021-04-12,10.97
High-income countries,2021-04-13,11.2
High-income countries,2021-04-14,11.44
High-income countries,2021-04-15,11.7
High-income countries,2021-04-16,11.98
High-income countries,2021-04-17,12.15
High-income countries,2021-04-18,12.25
High-income countries,2021-04-19,12.46
High-income countries,2021-04-20,12.83
High-income countries,2021-04-21,13.11
High-income countries,2021-04-22,13.4
High-income countries,2021-04-23,13.7
High-income countries,2021-04-24,13.87
High-income countries,2021-04-25,13.98
High-income countries,2021-04-26,14.19
High-income countries,2021-04-27,14.46
High-income countries,2021-04-28,14.76
High-income countries,2021-04-29,15.11
High-income countries,2021-04-30,15.4
High-income countries,2021-05-01,15.57
High-income countries,2021-05-02,15.71
High-income countries,2021-05-03,15.91
High-income countries,2021-05-04,16.17
High-income countries,2021-05-05,16.49
High-income countries,2021-05-06,16.82
High-income countries,2021-05-07,17.18
High-income countries,2021-05-08,17.37
High-income countries,2021-05-09,17.5
High-income countries,2021-05-10,17.72
High-income countries,2021-05-11,18.0
High-income countries,2021-05-12,18.3
High-income countries,2021-05-13,18.59
High-income countries,2021-05-14,18.94
High-income countries,2021-05-15,19.13
High-income countries,2021-05-16,19.28
High-income countries,2021-05-17,19.5
High-income countries,2021-05-18,19.77
High-income countries,2021-05-19,20.06
High-income countries,2021-05-20,20.45
High-income countries,2021-05-21,20.83
High-income countries,2021-05-22,21.03
High-income countries,2021-05-23,21.18
High-income countries,2021-05-24,21.38
High-income countries,2021-05-25,21.63
High-income countries,2021-05-26,21.94
High-income countries,2021-05-27,22.24
High-income countries,2021-05-28,22.61
High-income countries,2021-05-29,22.78
High-income countries,2021-05-30,22.96
High-income countries,2021-05-31,23.14
High-income countries,2021-06-01,23.43
High-income countries,2021-06-02,23.74
High-income countries,2021-06-03,24.02
High-income countries,2021-06-04,24.42
High-income countries,2021-06-05,24.65
High-income countries,2021-06-06,24.89
High-income countries,2021-06-07,25.16
High-income countries,2021-06-08,25.48
High-income countries,2021-06-09,25.85
High-income countries,2021-06-10,26.23
High-income countries,2021-06-11,26.68
High-income countries,2021-06-12,26.9
High-income countries,2021-06-13,27.17
High-income countries,2021-06-14,27.49
High-income countries,2021-06-15,27.84
High-income countries,2021-06-16,28.26
High-income countries,2021-06-17,28.64
High-income countries,2021-06-18,29.09
High-income countries,2021-06-19,29.31
High-income countries,2021-06-20,29.57
High-income countries,2021-06-21,29.84
High-income countries,2021-06-22,30.24
High-income countries,2021-06-23,30.64
High-income countries,2021-06-24,31.0
High-income countries,2021-06-25,31.45
High-income countries,2021-06-26,31.73
High-income countries,2021-06-27,32.13
High-income countries,2021-06-28,32.47
High-income countries,2021-06-29,32.86
High-income countries,2021-06-30,33.25
High-income countries,2021-07-01,33.61
High-income countries,2021-07-02,34.09
High-income countries,2021-07-03,34.39
High-income countries,2021-07-04,34.66
High-income countries,2021-07-05,35.18
High-income countries,2021-07-06,35.54
High-income countries,2021-07-07,35.94
High-income countries,2021-07-08,36.32
High-income countries,2021-07-09,36.81
High-income countries,2021-07-10,37.06
High-income countries,2021-07-11,37.35
High-income countries,2021-07-12,37.7
High-income countries,2021-07-13,38.07
High-income countries,2021-07-14,38.46
High-income countries,2021-07-15,38.87
High-income countries,2021-07-16,39.37
High-income countries,2021-07-17,39.65
High-income countries,2021-07-18,39.93
High-income countries,2021-07-19,40.25
High-income countries,2021-07-20,40.59
High-income countries,2021-07-21,40.96
High-income countries,2021-07-22,41.29
High-income countries,2021-07-23,41.71
High-income countries,2021-07-24,41.95
High-income countries,2021-07-25,42.22
High-income countries,2021-07-26,42.55
High-income countries,2021-07-27,42.9
High-income countries,2021-07-28,43.25
High-income countries,2021-07-29,43.58
High-income countries,2021-07-30,44.01
High-income countries,2021-07-31,44.24
High-income countries,2021-08-01,44.47
High-income countries,2021-08-02,44.72
High-income countries,2021-08-03,45.03
High-income countries,2021-08-04,45.32
High-income countries,2021-08-05,45.64
High-income countries,2021-08-06,46.04
High-income countries,2021-08-07,46.25
High-income countries,2021-08-08,46.45
High-income countries,2021-08-09,46.68
High-income countries,2021-08-10,46.96
High-income countries,2021-08-11,47.25
High-income countries,2021-08-12,47.56
High-income countries,2021-08-13,47.92
High-income countries,2021-08-14,48.08
High-income countries,2021-08-15,48.27
High-income countries,2021-08-16,48.52
High-income countries,2021-08-17,48.81
High-income countries,2021-08-18,49.1
High-income countries,2021-08-19,49.4
High-income countries,2021-08-20,49.72
High-income countries,2021-08-21,49.9
High-income countries,2021-08-22,50.13
High-income countries,2021-08-23,50.44
High-income countries,2021-08-24,50.74
High-income countries,2021-08-25,51.03
High-income countries,2021-08-26,51.32
High-income countries,2021-08-27,51.64
High-income countries,2021-08-28,51.84
High-income countries,2021-08-29,52.09
High-income countries,2021-08-30,52.33
High-income countries,2021-08-31,52.61
High-income countries,2021-09-01,52.88
High-income countries,2021-09-02,53.13
High-income countries,2021-09-03,53.41
High-income countries,2021-09-04,53.57
High-income countries,2021-09-05,53.8
High-income countries,2021-09-06,53.99
High-income countries,2021-09-07,54.23
High-income countries,2021-09-08,54.45
High-income countries,2021-09-09,54.66
High-income countries,2021-09-10,54.93
High-income countries,2021-09-11,55.1
High-income countries,2021-09-12,55.29
High-income countries,2021-09-13,55.5
High-income countries,2021-09-14,55.7
High-income countries,2021-09-15,55.92
High-income countries,2021-09-16,56.13
High-income countries,2021-09-17,56.39
High-income countries,2021-09-18,56.55
High-income countries,2021-09-19,56.72
High-income countries,2021-09-20,56.85
High-income countries,2021-09-21,57.03
High-income countries,2021-09-22,57.21
High-income countries,2021-09-23,57.38
High-income countries,2021-09-24,57.61
High-income countries,2021-09-25,57.78
High-income countries,2021-09-26,57.94
High-income countries,2021-09-27,58.14
High-income countries,2021-09-28,58.36
High-income countries,2021-09-29,58.56
High-income countries,2021-09-30,58.77
High-income countries,2021-10-01,59.02
High-income countries,2021-10-02,59.18
High-income countries,2021-10-03,59.33
High-income countries,2021-10-04,59.48
High-income countries,2021-10-05,59.69
High-income countries,2021-10-06,59.88
High-income countries,2021-10-07,60.1
High-income countries,2021-10-08,60.37
High-income countries,2021-10-09,60.51
High-income countries,2021-10-10,60.64
High-income countries,2021-10-11,60.8
High-income countries,2021-10-12,61.0
High-income countries,2021-10-13,61.17
High-income countries,2021-10-14,61.33
High-income countries,2021-10-15,61.54
High-income countries,2021-10-16,61.68
High-income countries,2021-10-17,61.8
High-income countries,2021-10-18,61.96
High-income countries,2021-10-19,62.12
High-income countries,2021-10-20,62.28
High-income countries,2021-10-21,62.44
High-income countries,2021-10-22,62.64
High-income countries,2021-10-23,62.8
High-income countries,2021-10-24,62.91
High-income countries,2021-10-25,63.07
High-income countries,2021-10-26,63.22
High-income countries,2021-10-27,63.37
High-income countries,2021-10-28,63.54
High-income countries,2021-10-29,63.73
High-income countries,2021-10-30,63.84
High-income countries,2021-10-31,63.93
High-income countries,2021-11-01,64.03
High-income countries,2021-11-02,64.15
High-income countries,2021-11-03,64.25
High-income countries,2021-11-04,64.35
High-income countries,2021-11-05,64.48
High-income countries,2021-11-06,64.56
High-income countries,2021-11-07,64.63
High-income countries,2021-11-08,64.72
High-income countries,2021-11-09,64.83
High-income countries,2021-11-10,64.93
High-income countries,2021-11-11,65.02
High-income countries,2021-11-12,65.14
High-income countries,2021-11-13,65.2
High-income countries,2021-11-14,65.27
High-income countries,2021-11-15,65.35
High-income countries,2021-11-16,65.44
High-income countries,2021-11-17,65.53
High-income countries,2021-11-18,65.62
High-income countries,2021-11-19,65.72
High-income countries,2021-11-20,65.78
High-income countries,2021-11-21,65.82
High-income countries,2021-11-22,65.92
High-income countries,2021-11-23,65.99
High-income countries,2021-11-24,66.07
High-income countries,2021-11-25,66.14
High-income countries,2021-11-26,66.25
High-income countries,2021-11-27,66.31
High-income countries,2021-11-28,66.38
High-income countries,2021-11-29,66.48
High-income countries,2021-11-30,66.75
High-income countries,2021-12-01,66.85
High-income countries,2021-12-02,66.94
High-income countries,2021-12-03,67.07
High-income countries,2021-12-04,67.15
High-income countries,2021-12-05,67.2
High-income countries,2021-12-06,67.29
High-income countries,2021-12-07,67.37
High-income countries,2021-12-08,67.46
High-income countries,2021-12-09,67.54
High-income countries,2021-12-10,67.65
High-income countries,2021-12-11,67.71
High-income countries,2021-12-12,67.76
High-income countries,2021-12-13,67.83
High-income countries,2021-12-14,67.9
High-income countries,2021-12-15,67.98
High-income countries,2021-12-16,68.06
High-income countries,2021-12-17,68.15
High-income countries,2021-12-18,68.2
High-income countries,2021-12-19,68.24
High-income countries,2021-12-20,68.31
High-income countries,2021-12-21,68.38
High-income countries,2021-12-22,68.45
High-income countries,2021-12-23,68.5
High-income countries,2021-12-24,68.54
High-income countries,2021-12-25,68.55
High-income countries,2021-12-26,68.57
High-income countries,2021-12-27,68.63
High-income countries,2021-12-28,68.7
High-income countries,2021-12-29,68.75
High-income countries,2021-12-30,68.83
High-income countries,2021-12-31,68.87
Low-income countries,2021-03-31,0.0
Low-income countries,2021-04-01,0.0
Low-income countries,2021-04-02,0.0
Low-income countries,2021-04-03,0.0
Low-income countries,2021-04-04,0.0
Low-income countries,2021-04-05,0.0
Low-income countries,2021-04-06,0.0
Low-income countries,2021-04-07,0.0
Low-income countries,2021-04-08,0.0
Low-income countries,2021-04-09,0.0
Low-income countries,2021-04-10,0.0
Low-income countries,2021-04-11,0.0
Low-income countries,2021-04-12,0.0
Low-income countries,2021-04-13,0.0
Low-income countries,2021-04-14,0.0
Low-income countries,2021-04-15,0.0
Low-income countries,2021-04-16,0.0
Low-income countries,2021-04-17,0.0
Low-income countries,2021-04-18,0.0
Low-income countries,2021-04-19,0.0
Low-income countries,2021-04-20,0.0
Low-income countries,2021-04-21,0.0
Low-income countries,2021-04-22,0.01
Low-income countries,2021-04-23,0.01
Low-income countries,2021-04-24,0.01
Low-income countries,2021-04-25,0.01
Low-income countries,2021-04-26,0.01
Low-income countries,2021-04-27,0.01
Low-income countries,2021-04-28,0.01
Low-income countries,2021-04-29,0.01
Low-income countries,2021-04-30,0.01
Low-income countries,2021-05-01,0.01
Low-income countries,2021-05-02,0.01
Low-income countries,2021-05-03,0.01
Low-income countries,2021-05-04,0.01
Low-income countries,2021-05-05,0.01
Low-income countries,2021-05-06,0.01
Low-income countries,2021-05-07,0.01
Low-income countries,2021-05-08,0.02
Low-income countries,2021-05-09,0.02
Low-income countries,2021-05-10,0.02
Low-income countries,2021-05-11,0.02
Low-income countries,2021-05-12,0.03
Low-income countries,2021-05-13,0.03
Low-income countries,2021-05-14,0.03
Low-income countries,2021-05-15,0.03
Low-income countries,2021-05-16,0.03
Low-income countries,2021-05-17,0.03
Low-income countries,2021-05-18,0.04
Low-income countries,2021-05-19,0.04
Low-income countries,2021-05-20,0.04
Low-income countries,2021-05-21,0.04
Low-income countries,2021-05-22,0.04
Low-income countries,2021-05-23,0.04
Low-income countries,2021-05-24,0.05
Low-income countries,2021-05-25,0.05
Low-income countries,2021-05-26,0.05
Low-income countries,2021-05-27,0.05
Low-income countries,2021-05-28,0.05
Low-income countries,2021-05-29,0.05
Low-income countries,2021-05-30,0.06
Low-income countries,2021-05-31,0.06
Low-income countries,2021-06-01,0.06
Low-income countries,2021-06-02,0.07
Low-income countries,2021-06-03,0.07
Low-income countries,2021-06-04,0.07
Low-income countries,2021-06-05,0.07
Low-income countries,2021-06-06,0.09
Low-income countries,2021-06-07,0.1
Low-income countries,2021-06-08,0.1
Low-income countries,2021-06-09,0.1
Low-income countries,2021-06-10,0.11
Low-income countries,2021-06-11,0.11
Low-income countries,2021-06-12,0.11
Low-income countries,2021-06-13,0.11
Low-income countries,2021-06-14,0.12
Low-income countries,2021-06-15,0.12
Low-income countries,2021-06-16,0.12
Low-income countries,2021-06-17,0.12
Low-income countries,2021-06-18,0.12
Low-income countries,2021-06-19,0.12
Low-income countries,2021-06-20,0.13
Low-income countries,2021-06-21,0.13
Low-income countries,2021-06-22,0.14
Low-income countries,2021-06-23,0.14
Low-income countries,2021-06-24,0.14
Low-income countries,2021-06-25,0.14
Low-income countries,2021-06-26,0.14
Low-income countries,2021-06-27,0.15
Low-income countries,2021-06-28,0.15
Low-income countries,2021-06-29,0.15
Low-income countries,2021-06-30,0.15
Low-income countries,2021-07-01,0.15
Low-income countries,2021-07-02,0.15
Low-income countries,2021-07-03,0.15
Low-income countries,2021-07-04,0.16
Low-income countries,2021-07-05,0.17
Low-income countries,2021-07-06,0.18
Low-income countries,2021-07-07,0.18
Low-income countries,2021-07-08,0.18
Low-income countries,2021-07-09,0.18
Low-income countries,2021-07-10,0.18
Low-income countries,2021-07-11,0.19
Low-income countries,2021-07-12,0.19
Low-income countries,2021-07-13,0.19
Low-income countries,2021-07-14,0.19
Low-income countries,2021-07-15,0.19
Low-income countries,2021-07-16,0.2
Low-income countries,2021-07-17,0.2
Low-income countries,2021-07-18,0.2
Low-income countries,2021-07-19,0.23
Low-income countries,2021-07-20,0.24
Low-income countries,2021-07-21,0.24
Low-income countries,2021-07-22,0.24
Low-income countries,2021-07-23,0.24
Low-income countries,2021-07-24,0.24
Low-income countries,2021-07-25,0.24
Low-income countries,2021-07-26,0.24
Low-income countries,2021-07-27,0.25
Low-income countries,2021-07-28,0.25
Low-income countries,2021-07-29,0.25
Low-income countries,2021-07-30,0.27
Low-income countries,2021-07-31,0.27
Low-income countries,2021-08-01,0.27
Low-income countries,2021-08-02,0.27
Low-income countries,2021-08-03,0.27
Low-income countries,2021-08-04,0.27
Low-income countries,2021-08-05,0.28
Low-income countries,2021-08-06,0.28
Low-income countries,2021-08-07,0.28
Low-income countries,2021-08-08,0.28
Low-income countries,2021-08-09,0.31
Low-income countries,2021-08-10,0.31
Low-income countries,2021-08-11,0.31
Low-income countries,2021-08-12,0.34
Low-income countries,2021-08-13,0.34
Low-income countries,2021-08-14,0.34
Low-income countries,2021-08-15,0.34
Low-income countries,2021-08-16,0.36
Low-income countries,2021-08-17,0.37
Low-income countries,2021-08-18,0.37
Low-income countries,2021-08-19,0.37
Low-income countries,2021-08-20,0.44
Low-income countries,2021-08-21,0.45
Low-income countries,2021-08-22,0.46
Low-income countries,2021-08-23,0.48
Low-income countries,2021-08-24,0.48
Low-income countries,2021-08-25,0.5
Low-income countries,2021-08-26,0.5
Low-income countries,2021-08-27,0.51
Low-income countries,2021-08-28,0.51
Low-income countries,2021-08-29,0.54
Low-income countries,2021-08-30,0.57
Low-income countries,2021-08-31,0.57
Low-income countries,2021-09-01,0.59
Low-income countries,2021-09-02,0.59
Low-income countries,2021-09-03,0.59
Low-income countries,2021-09-04,0.59
Low-income countries,2021-09-05,0.6
Low-income countries,2021-09-06,0.64
Low-income countries,2021-09-07,0.64
Low-income countries,2021-09-08,0.67
Low-income countries,2021-09-09,0.67
Low-income countries,2021-09-10,0.68
Low-income countries,2021-09-11,0.68
Low-income countries,2021-09-12,0.69
Low-income countries,2021-09-13,0.71
Low-income countries,2021-09-14,0.87
Low-income countries,2021-09-15,0.87
Low-income countries,2021-09-16,0.87
Low-income countries,2021-09-17,0.9
Low-income countries,2021-09-18,0.94
Low-income countries,2021-09-19,0.96
Low-income countries,2021-09-20,0.99
Low-income countries,2021-09-21,0.99
Low-income countries,2021-09-22,1.02
Low-income countries,2021-09-23,1.04
Low-income countries,2021-09-24,1.04
Low-income countries,2021-09-25,1.05
Low-income countries,2021-09-26,1.08
Low-income countries,2021-09-27,1.1
Low-income countries,2021-09-28,1.11
Low-income countries,2021-09-29,1.13
Low-income countries,2021-09-30,1.13
Low-income countries,2021-10-01,1.14
Low-income countries,2021-10-02,1.14
Low-income countries,2021-10-03,1.14
Low-income countries,2021-10-04,1.14
Low-income countries,2021-10-05,1.14
Low-income countries,2021-10-06,1.14
Low-income countries,2021-10-07,1.15
Low-income countries,2021-10-08,1.15
Low-income countries,2021-10-09,1.16
Low-income countries,2021-10-10,1.17
Low-income countries,2021-10-11,1.19
Low-income countries,2021-10-12,1.21
Low-income countries,2021-10-13,1.22
Low-income countries,2021-10-14,1.22
Low-income countries,2021-10-15,1.25
Low-income countries,2021-10-16,1.25
Low-income countries,2021-10-17,1.25
Low-income countries,2021-10-18,1.26
Low-income countries,2021-10-19,1.27
Low-income countries,2021-10-20,1.27
Low-income countries,2021-10-21,1.35
Low-income countries,2021-10-22,1.35
Low-income countries,2021-10-23,1.35
Low-income countries,2021-10-24,1.37
Low-income countries,2021-10-25,1.37
Low-income countries,2021-10-26,1.39
Low-income countries,2021-10-27,1.4
Low-income countries,2021-10-28,1.44
Low-income countries,2021-10-29,1.46
Low-income countries,2021-10-30,1.46
Low-income countries,2021-10-31,1.5
Low-income countries,2021-11-01,1.51
Low-income countries,2021-11-02,1.52
Low-income countries,2021-11-03,1.52
Low-income countries,2021-11-04,1.59
Low-income countries,2021-11-05,1.6
Low-income countries,2021-11-06,1.6
Low-income countries,2021-11-07,1.6
Low-income countries,2021-11-08,1.6
Low-income countries,2021-11-09,1.6
Low-income countries,2021-11-10,1.66
Low-income countries,2021-11-11,1.71
Low-income countries,2021-11-12,1.71
Low-income countries,2021-11-13,1.74
Low-income countries,2021-11-14,2.13
Low-income countries,2021-11-15,2.22
Low-income countries,2021-11-16,2.22
Low-income countries,2021-11-17,2.22
Low-income countries,2021-11-18,2.32
Low-income countries,2021-11-19,2.32
Low-income countries,2021-11-20,2.32
Low-income countries,2021-11-21,2.33
Low-income countries,2021-11-22,2.33
Low-income countries,2021-11-23,2.34
Low-income countries,2021-11-24,2.42
Low-income countries,2021-11-25,2.42
Low-income countries,2021-11-26,2.43
Low-income countries,2021-11-27,2.44
Low-income countries,2021-11-28,2.44
Low-income countries,2021-11-29,2.49
Low-income countries,2021-11-30,2.49
Low-income countries,2021-12-01,2.49
Low-income countries,2021-12-02,2.52
Low-income countries,2021-12-03,2.56
Low-income countries,2021-12-04,2.57
Low-income countries,2021-12-05,2.57
Low-income countries,2021-12-06,2.58
Low-income countries,2021-12-07,2.58
Low-income countries,2021-12-08,2.69
Low-income countries,2021-12-09,2.78
Low-income countries,2021-12-10,2.8
Low-income countries,2021-12-11,2.81
Low-income countries,2021-12-12,2.82
Low-income countries,2021-12-13,2.86
Low-income countries,2021-12-14,2.87
Low-income countries,2021-12-15,2.92
Low-income countries,2021-12-16,2.92
Low-income countries,2021-12-17,2.94
Low-income countries,2021-12-18,2.95
Low-income countries,2021-12-19,2.95
Low-income countries,2021-12-20,3.07
Low-income countries,2021-12-21,3.07
Low-income countries,2021-12-22,3.12
Low-income countries,2021-12-23,3.13
Low-income countries,2021-12-24,3.15
Low-income countries,2021-12-25,3.15
Low-income countries,2021-12-26,3.23
Low-income countries,2021-12-27,3.31
Low-income countries,2021-12-28,3.71
Low-income countries,2021-12-29,3.73
Low-income countries,2021-12-30,3.75
Low-income countries,2021-12-31,3.76
Lower-middle-income countries,2021-01-28,0.0
Lower-middle-income countries,2021-01-29,0.0
Lower-middle-income countries,2021-01-30,0.0
Lower-middle-income countries,2021-01-31,0.0
Lower-middle-income countries,2021-02-01,0.0
Lower-middle-income countries,2021-02-02,0.0
Lower-middle-income countries,2021-02-03,0.0
Lower-middle-income countries,2021-02-04,0.0
Lower-middle-income countries,2021-02-05,0.0
Lower-middle-income countries,2021-02-06,0.0
Lower-middle-income countries,2021-02-07,0.0
Lower-middle-income countries,2021-02-08,0.0
Lower-middle-income countries,2021-02-09,0.01
Lower-middle-income countries,2021-02-10,0.01
Lower-middle-income countries,2021-02-11,0.01
Lower-middle-income countries,2021-02-12,0.01
Lower-middle-income countries,2021-02-13,0.01
Lower-middle-income countries,2021-02-14,0.01
Lower-middle-income countries,2021-02-15,0.02
Lower-middle-income countries,2021-02-16,0.02
Lower-middle-income countries,2021-02-17,0.03
Lower-middle-income countries,2021-02-18,0.03
Lower-middle-income countries,2021-02-19,0.04
Lower-middle-income countries,2021-02-20,0.05
Lower-middle-income countries,2021-02-21,0.05
Lower-middle-income countries,2021-02-22,0.05
Lower-middle-income countries,2021-02-23,0.06
Lower-middle-income countries,2021-02-24,0.07
Lower-middle-income countries,2021-02-25,0.08
Lower-middle-income countries,2021-02-26,0.09
Lower-middle-income countries,2021-02-27,0.11
Lower-middle-income countries,2021-02-28,0.11
Lower-middle-income countries,2021-03-01,0.11
Lower-middle-income countries,2021-03-02,0.12
Lower-middle-income countries,2021-03-03,0.13
Lower-middle-income countries,2021-03-04,0.14
Lower-middle-income countries,2021-03-05,0.15
Lower-middle-income countries,2021-03-06,0.16
Lower-middle-income countries,2021-03-07,0.16
Lower-middle-income countries,2021-03-08,0.17
Lower-middle-income countries,2021-03-09,0.18
Lower-middle-income countries,2021-03-10,0.2
Lower-middle-income countries,2021-03-11,0.21
Lower-middle-income countries,2021-03-12,0.23
Lower-middle-income countries,2021-03-13,0.25
Lower-middle-income countries,2021-03-14,0.25
Lower-middle-income countries,2021-03-15,0.27
Lower-middle-income countries,2021-03-16,0.29
Lower-middle-income countries,2021-03-17,0.31
Lower-middle-income countries,2021-03-18,0.32
Lower-middle-income countries,2021-03-19,0.34
Lower-middle-income countries,2021-03-20,0.36
Lower-middle-income countries,2021-03-21,0.36
Lower-middle-income countries,2021-03-22,0.38
Lower-middle-income countries,2021-03-23,0.39
Lower-middle-income countries,2021-03-24,0.41
Lower-middle-income countries,2021-03-25,0.43
Lower-middle-income countries,2021-03-26,0.45
Lower-middle-income countries,2021-03-27,0.46
Lower-middle-income countries,2021-03-28,0.46
Lower-middle-income countries,2021-03-29,0.47
Lower-middle-income countries,2021-03-30,0.48
Lower-middle-income countries,2021-03-31,0.5
Lower-middle-income countries,2021-04-01,0.52
Lower-middle-income countries,2021-04-02,0.53
Lower-middle-income countries,2021-04-03,0.54
Lower-middle-income countries,2021-04-04,0.55
Lower-middle-income countries,2021-04-05,0.57
Lower-middle-income countries,2021-04-06,0.59
Lower-middle-income countries,2021-04-07,0.6
Lower-middle-income countries,2021-04-08,0.62
Lower-middle-income countries,2021-04-09,0.64
Lower-middle-income countries,2021-04-10,0.66
Lower-middle-income countries,2021-04-11,0.68
Lower-middle-income countries,2021-04-12,0.71
Lower-middle-income countries,2021-04-13,0.72
Lower-middle-income countries,2021-04-14,0.74
Lower-middle-income countries,2021-04-15,0.78
Lower-middle-income countries,2021-04-16,0.8
Lower-middle-income countries,2021-04-17,0.82
Lower-middle-income countries,2021-04-18,0.85
Lower-middle-income countries,2021-04-19,0.88
Lower-middle-income countries,2021-04-20,0.9
Lower-middle-income countries,2021-04-21,0.92
Lower-middle-income countries,2021-04-22,0.97
Lower-middle-income countries,2021-04-23,0.99
Lower-middle-income countries,2021-04-24,1.0
Lower-middle-income countries,2021-04-25,1.07
Lower-middle-income countries,2021-04-26,1.12
Lower-middle-income countries,2021-04-27,1.17
Lower-middle-income countries,2021-04-28,1.21
Lower-middle-income countries,2021-04-29,1.25
Lower-middle-income countries,2021-04-30,1.29
Lower-middle-income countries,2021-05-01,1.31
Lower-middle-income countries,2021-05-02,1.33
Lower-middle-income countries,2021-05-03,1.36
Lower-middle-income countries,2021-05-04,1.41
Lower-middle-income countries,2021-05-05,1.46
Lower-middle-income countries,2021-05-06,1.51
Lower-middle-income countries,2021-05-07,1.57
Lower-middle-income countries,2021-05-08,1.62
Lower-middle-income countries,2021-05-09,1.64
Lower-middle-income countries,2021-05-10,1.69
Lower-middle-income countries,2021-05-11,1.77
Lower-middle-income countries,2021-05-12,1.81
Lower-middle-income countries,2021-05-13,1.85
Lower-middle-income countries,2021-05-14,1.87
Lower-middle-income countries,2021-05-15,1.9
Lower-middle-income countries,2021-05-16,1.9
Lower-middle-income countries,2021-05-17,1.92
Lower-middle-income countries,2021-05-18,1.95
Lower-middle-income countries,2021-05-19,1.96
Lower-middle-income countries,2021-05-20,1.99
Lower-middle-income countries,2021-05-21,2.01
Lower-middle-income countries,2021-05-22,2.04
Lower-middle-income countries,2021-05-23,2.05
Lower-middle-income countries,2021-05-24,2.07
Lower-middle-income countries,2021-05-25,2.09
Lower-middle-income countries,2021-05-26,2.11
Lower-middle-income countries,2021-05-27,2.14
Lower-middle-income countries,2021-05-28,2.15
Lower-middle-income countries,2021-05-29,2.17
Lower-middle-income countries,2021-05-30,2.19
Lower-middle-income countries,2021-05-31,2.23
Lower-middle-income countries,2021-06-01,2.26
Lower-middle-income countries,2021-06-02,2.29
Lower-middle-income countries,2021-06-03,2.31
Lower-middle-income countries,2021-06-04,2.34
Lower-middle-income countries,2021-06-05,2.36
Lower-middle-income countries,2021-06-06,2.37
Lower-middle-income countries,2021-06-07,2.4
Lower-middle-income countries,2021-06-08,2.44
Lower-middle-income countries,2021-06-09,2.47
Lower-middle-income countries,2021-06-10,2.5
Lower-middle-income countries,2021-06-11,2.52
Lower-middle-income countries,2021-06-12,2.55
Lower-middle-income countries,2021-06-13,2.57
Lower-middle-income countries,2021-06-14,2.6
Lower-middle-income countries,2021-06-15,2.66
Lower-middle-income countries,2021-06-16,2.69
Lower-middle-income countries,2021-06-17,2.72
Lower-middle-income countries,2021-06-18,2.75
Lower-middle-income countries,2021-06-19,2.78
Lower-middle-income countries,2021-06-20,2.79
Lower-middle-income countries,2021-06-21,2.83
Lower-middle-income countries,2021-06-22,2.87
Lower-middle-income countries,2021-06-23,2.89
Lower-middle-income countries,2021-06-24,2.93
Lower-middle-income countries,2021-06-25,2.97
Lower-middle-income countries,2021-06-26,3.02
Lower-middle-income countries,2021-06-27,3.05
Lower-middle-income countries,2021-06-28,3.09
Lower-middle-income countries,2021-06-29,3.16
Lower-middle-income countries,2021-06-30,3.2
Lower-middle-income countries,2021-07-01,3.25
Lower-middle-income countries,2021-07-02,3.27
Lower-middle-income countries,2021-07-03,3.36
Lower-middle-income countries,2021-07-04,3.4
Lower-middle-income countries,2021-07-05,3.46
Lower-middle-income countries,2021-07-06,3.51
Lower-middle-income countries,2021-07-07,3.57
Lower-middle-income countries,2021-07-08,3.69
Lower-middle-income countries,2021-07-09,3.71
Lower-middle-income countries,2021-07-10,3.8
Lower-middle-income countries,2021-07-11,3.82
Lower-middle-income countries,2021-07-12,3.9
Lower-middle-income countries,2021-07-13,3.97
Lower-middle-income countries,2021-07-14,4.04
Lower-middle-income countries,2021-07-15,4.11
Lower-middle-income countries,2021-07-16,4.19
Lower-middle-income countries,2021-07-17,4.26
Lower-middle-income countries,2021-07-18,4.26
Lower-middle-income countries,2021-07-19,4.37
Lower-middle-income countries,2021-07-20,4.42
Lower-middle-income countries,2021-07-21,4.46
Lower-middle-income countries,2021-07-22,4.54
Lower-middle-income countries,2021-07-23,4.62
Lower-middle-income countries,2021-07-24,4.69
Lower-middle-income countries,2021-07-25,4.75
Lower-middle-income countries,2021-07-26,4.9
Lower-middle-income countries,2021-07-27,4.98
Lower-middle-income countries,2021-07-28,5.04
Lower-middle-income countries,2021-07-29,5.17
Lower-middle-income countries,2021-07-30,5.25
Lower-middle-income countries,2021-07-31,5.28
Lower-middle-income countries,2021-08-01,5.37
Lower-middle-income countries,2021-08-02,5.46
Lower-middle-income countries,2021-08-03,5.63
Lower-middle-income countries,2021-08-04,5.69
Lower-middle-income countries,2021-08-05,5.78
Lower-middle-income countries,2021-08-06,5.85
Lower-middle-income countries,2021-08-07,5.94
Lower-middle-income countries,2021-08-08,6.01
Lower-middle-income countries,2021-08-09,6.27
Lower-middle-income countries,2021-08-10,6.36
Lower-middle-income countries,2021-08-11,6.46
Lower-middle-income countries,2021-08-12,6.52
Lower-middle-income countries,2021-08-13,6.67
Lower-middle-income countries,2021-08-14,6.77
Lower-middle-income countries,2021-08-15,6.81
Lower-middle-income countries,2021-08-16,6.92
Lower-middle-income countries,2021-08-17,7.03
Lower-middle-income countries,2021-08-18,7.11
Lower-middle-income countries,2021-08-19,7.21
Lower-middle-income countries,2021-08-20,7.38
Lower-middle-income countries,2021-08-21,7.46
Lower-middle-income countries,2021-08-22,7.54
Lower-middle-income countries,2021-08-23,7.6
Lower-middle-income countries,2021-08-24,7.77
Lower-middle-income countries,2021-08-25,7.94
Lower-middle-income countries,2021-08-26,8.06
Lower-middle-income countries,2021-08-27,8.23
Lower-middle-income countries,2021-08-28,8.36
Lower-middle-income countries,2021-08-29,8.56
Lower-middle-income countries,2021-08-30,8.67
Lower-middle-income countries,2021-08-31,8.84
Lower-middle-income countries,2021-09-01,9.04
Lower-middle-income countries,2021-09-02,9.17
Lower-middle-income countries,2021-09-03,9.27
Lower-middle-income countries,2021-09-04,9.41
Lower-middle-income countries,2021-09-05,9.61
Lower-middle-income countries,2021-09-06,9.73
Lower-middle-income countries,2021-09-07,9.88
Lower-middle-income countries,2021-09-08,10.14
Lower-middle-income countries,2021-09-09,10.39
Lower-middle-income countries,2021-09-10,10.48
Lower-middle-income countries,2021-09-11,10.69
Lower-middle-income countries,2021-09-12,10.9
Lower-middle-income countries,2021-09-13,11.06
Lower-middle-income countries,2021-09-14,11.18
Lower-middle-income countries,2021-09-15,11.35
Lower-middle-income countries,2021-09-16,11.54
Lower-middle-income countries,2021-09-17,11.68
Lower-middle-income countries,2021-09-18,11.97
Lower-middle-income countries,2021-09-19,12.16
Lower-middle-income countries,2021-09-20,12.33
Lower-middle-income countries,2021-09-21,12.5
Lower-middle-income countries,2021-09-22,12.65
Lower-middle-income countries,2021-09-23,12.83
Lower-middle-income countries,2021-09-24,13.02
Lower-middle-income countries,2021-09-25,13.17
Lower-middle-income countries,2021-09-26,13.28
Lower-middle-income countries,2021-09-27,13.64
Lower-middle-income countries,2021-09-28,13.77
Lower-middle-income countries,2021-09-29,13.92
Lower-middle-income countries,2021-09-30,14.12
Lower-middle-income countries,2021-10-01,14.26
Lower-middle-income countries,2021-10-02,14.41
Lower-middle-income countries,2021-10-03,14.57
Lower-middle-income countries,2021-10-04,14.77
Lower-middle-income countries,2021-10-05,14.95
Lower-middle-income countries,2021-10-06,15.09
Lower-middle-income countries,2021-10-07,15.22
Lower-middle-income countries,2021-10-08,15.44
Lower-middle-income countries,2021-10-09,15.61
Lower-middle-income countries,2021-10-10,15.88
Lower-middle-income countries,2021-10-11,16.03
Lower-middle-income countries,2021-10-12,16.2
Lower-middle-income countries,2021-10-13,16.35
Lower-middle-income countries,2021-10-14,16.47
Lower-middle-income countries,2021-10-15,16.56
Lower-middle-income countries,2021-10-16,16.64
Lower-middle-income countries,2021-10-17,16.81
Lower-middle-income countries,2021-10-18,17.09
Lower-middle-income countries,2021-10-19,17.3
Lower-middle-income countries,2021-10-20,17.56
Lower-middle-income countries,2021-10-21,17.75
Lower-middle-income countries,2021-10-22,17.96
Lower-middle-income countries,2021-10-23,18.19
Lower-middle-income countries,2021-10-24,18.41
Lower-middle-income countries,2021-10-25,18.53
Lower-middle-income countries,2021-10-26,18.72
Lower-middle-income countries,2021-10-27,18.87
Lower-middle-income countries,2021-10-28,19.05
Lower-middle-income countries,2021-10-29,19.43
Lower-middle-income countries,2021-10-30,19.59
Lower-middle-income countries,2021-10-31,19.97
Lower-middle-income countries,2021-11-01,20.17
Lower-middle-income countries,2021-11-02,20.36
Lower-middle-income countries,2021-11-03,20.52
Lower-middle-income countries,2021-11-04,20.64
Lower-middle-income countries,2021-11-05,20.78
Lower-middle-income countries,2021-11-06,20.9
Lower-middle-income countries,2021-11-07,21.03
Lower-middle-income countries,2021-11-08,21.19
Lower-middle-income countries,2021-11-09,21.41
Lower-middle-income countries,2021-11-10,21.63
Lower-middle-income countries,2021-11-11,21.87
Lower-middle-income countries,2021-11-12,22.12
Lower-middle-income countries,2021-11-13,22.42
Lower-middle-income countries,2021-11-14,22.56
Lower-middle-income countries,2021-11-15,22.68
Lower-middle-income countries,2021-11-16,22.85
Lower-middle-income countries,2021-11-17,23.07
Lower-middle-income countries,2021-11-18,23.33
Lower-middle-income countries,2021-11-19,23.53
Lower-middle-income countries,2021-11-20,23.79
Lower-middle-income countries,2021-11-21,24.01
Lower-middle-income countries,2021-11-22,24.22
Lower-middle-income countries,2021-11-23,24.43
Lower-middle-income countries,2021-11-24,24.72
Lower-middle-income countries,2021-11-25,24.87
Lower-middle-income countries,2021-11-26,25.15
Lower-middle-income countries,2021-11-27,25.29
Lower-middle-income countries,2021-11-28,25.64
Lower-middle-income countries,2021-11-29,25.81
Lower-middle-income countries,2021-11-30,26.05
Lower-middle-income countries,2021-12-01,26.31
Lower-middle-income countries,2021-12-02,27.54
Lower-middle-income countries,2021-12-03,27.7
Lower-middle-income countries,2021-12-04,28.01
Lower-middle-income countries,2021-12-05,28.24
Lower-middle-income countries,2021-12-06,28.43
Lower-middle-income countries,2021-12-07,28.64
Lower-middle-income countries,2021-12-08,28.94
Lower-middle-income countries,2021-12-09,29.29
Lower-middle-income countries,2021-12-10,29.43
Lower-middle-income countries,2021-12-11,29.83
Lower-middle-income countries,2021-12-12,30.14
Lower-middle-income countries,2021-12-13,30.31
Lower-middle-income countries,2021-12-14,30.61
Lower-middle-income countries,2021-12-15,30.85
Lower-middle-income countries,2021-12-16,31.0
Lower-middle-income countries,2021-12-17,31.23
Lower-middle-income countries,2021-12-18,31.44
Lower-middle-income countries,2021-12-19,31.64
Lower-middle-income countries,2021-12-20,31.82
Lower-middle-income countries,2021-12-21,32.05
Lower-middle-income countries,2021-12-22,32.18
Lower-middle-income countries,2021-12-23,32.4
Lower-middle-income countries,2021-12-24,32.64
Lower-middle-income countries,2021-12-25,32.87
Lower-middle-income countries,2021-12-26,33.01
Lower-middle-income countries,2021-12-27,33.12
Lower-middle-income countries,2021-12-28,33.46
Lower-middle-income countries,2021-12-29,33.71
Lower-middle-income countries,2021-12-30,34.26
Lower-middle-income countries,2021-12-31,34.53
Upper-middle-income countries,2020-12-29,0.0
Upper-middle-income countries,2020-12-30,0.0
Upper-middle-income countries,2020-12-31,0.0
Upper-middle-income countries,2021-01-01,0.0
Upper-middle-income countries,2021-01-02,0.0
Upper-middle-income countries,2021-01-03,0.0
Upper-middle-income countries,2021-01-04,0.0
Upper-middle-income countries,2021-01-05,0.0
Upper-middle-income countries,2021-01-06,0.0
Upper-middle-income countries,2021-01-07,0.0
Upper-middle-income countries,2021-01-08,0.0
Upper-middle-income countries,2021-01-09,0.0
Upper-middle-income countries,2021-01-10,0.0
Upper-middle-income countries,2021-01-11,0.0
Upper-middle-income countries,2021-01-12,0.0
Upper-middle-income countries,2021-01-13,0.0
Upper-middle-income countries,2021-01-14,0.0
Upper-middle-income countries,2021-01-15,0.0
Upper-middle-income countries,2021-01-16,0.0
Upper-middle-income countries,2021-01-17,0.0
Upper-middle-income countries,2021-01-18,0.0
Upper-middle-income countries,2021-01-19,0.0
Upper-middle-income countries,2021-01-20,0.0
Upper-middle-income countries,2021-01-21,0.0
Upper-middle-income countries,2021-01-22,0.0
Upper-middle-income countries,2021-01-23,0.0
Upper-middle-income countries,2021-01-24,0.0
Upper-middle-income countries,2021-01-25,0.0
Upper-middle-income countries,2021-01-26,0.0
Upper-middle-income countries,2021-01-27,0.0
Upper-middle-income countries,2021-01-28,0.0
Upper-middle-income countries,2021-01-29,0.01
Upper-middle-income countries,2021-01-30,0.01
Upper-middle-income countries,2021-01-31,0.01
Upper-middle-income countries,2021-02-01,0.01
Upper-middle-income countries,2021-02-02,0.01
Upper-middle-income countries,2021-02-03,0.01
Upper-middle-income countries,2021-02-04,0.01
Upper-middle-income countries,2021-02-05,0.01
Upper-middle-income countries,2021-02-06,0.01
Upper-middle-income countries,2021-02-07,0.01
Upper-middle-income countries,2021-02-08,0.01
Upper-middle-income countries,2021-02-09,0.02
Upper-middle-income countries,2021-02-10,0.02
Upper-middle-income countries,2021-02-11,0.02
Upper-middle-income countries,2021-02-12,0.04
Upper-middle-income countries,2021-02-13,0.05
Upper-middle-income countries,2021-02-14,0.05
Upper-middle-income countries,2021-02-15,0.06
Upper-middle-income countries,2021-02-16,0.07
Upper-middle-income countries,2021-02-17,0.08
Upper-middle-income countries,2021-02-18,0.09
Upper-middle-income countries,2021-02-19,0.12
Upper-middle-income countries,2021-02-20,0.12
Upper-middle-income countries,2021-02-21,0.13
Upper-middle-income countries,2021-02-22,0.14
Upper-middle-income countries,2021-02-23,0.16
Upper-middle-income countries,2021-02-24,0.17
Upper-middle-income countries,2021-02-25,0.18
Upper-middle-income countries,2021-02-26,0.2
Upper-middle-income countries,2021-02-27,0.2
Upper-middle-income countries,2021-02-28,0.21
Upper-middle-income countries,2021-03-01,0.22
Upper-middle-income countries,2021-03-02,0.27
Upper-middle-income countries,2021-03-03,0.29
Upper-middle-income countries,2021-03-04,0.31
Upper-middle-income countries,2021-03-05,0.33
Upper-middle-income countries,2021-03-06,0.34
Upper-middle-income countries,2021-03-07,0.34
Upper-middle-income countries,2021-03-08,0.35
Upper-middle-income countries,2021-03-09,0.36
Upper-middle-income countries,2021-03-10,0.38
Upper-middle-income countries,2021-03-11,0.4
Upper-middle-income countries,2021-03-12,0.42
Upper-middle-income countries,2021-03-13,0.43
Upper-middle-income countries,2021-03-14,0.44
Upper-middle-income countries,2021-03-15,0.45
Upper-middle-income countries,2021-03-16,0.48
Upper-middle-income countries,2021-03-17,0.52
Upper-middle-income countries,2021-03-18,0.55
Upper-middle-income countries,2021-03-19,0.57
Upper-middle-income countries,2021-03-20,0.59
Upper-middle-income countries,2021-03-21,0.59
Upper-middle-income countries,2021-03-22,0.61
Upper-middle-income countries,2021-03-23,0.63
Upper-middle-income countries,2021-03-24,0.65
Upper-middle-income countries,2021-03-25,0.67
Upper-middle-income countries,2021-03-26,0.69
Upper-middle-income countries,2021-03-27,0.7
Upper-middle-income countries,2021-03-28,0.7
Upper-middle-income countries,2021-03-29,0.78
Upper-middle-income countries,2021-03-30,0.8
Upper-middle-income countries,2021-03-31,0.82
Upper-middle-income countries,2021-04-01,0.85
Upper-middle-income countries,2021-04-02,0.87
Upper-middle-income countries,2021-04-03,0.88
Upper-middle-income countries,2021-04-04,0.89
Upper-middle-income countries,2021-04-05,0.91
Upper-middle-income countries,2021-04-06,0.93
Upper-middle-income countries,2021-04-07,0.98
Upper-middle-income countries,2021-04-08,1.01
Upper-middle-income countries,2021-04-09,1.05
Upper-middle-income countries,2021-04-10,1.08
Upper-middle-income countries,2021-04-11,1.08
Upper-middle-income countries,2021-04-12,1.11
Upper-middle-income countries,2021-04-13,1.16
Upper-middle-income countries,2021-04-14,1.22
Upper-middle-income countries,2021-04-15,1.25
Upper-middle-income countries,2021-04-16,1.3
Upper-middle-income countries,2021-04-17,1.33
Upper-middle-income countries,2021-04-18,1.35
Upper-middle-income countries,2021-04-19,1.39
Upper-middle-income countries,2021-04-20,1.43
Upper-middle-income countries,2021-04-21,1.47
Upper-middle-income countries,2021-04-22,1.52
Upper-middle-income countries,2021-04-23,1.57
Upper-middle-income countries,2021-04-24,1.6
Upper-middle-income countries,2021-04-25,1.62
Upper-middle-income countries,2021-04-26,1.67
Upper-middle-income countries,2021-04-27,1.72
Upper-middle-income countries,2021-04-28,1.8
Upper-middle-income countries,2021-04-29,1.87
Upper-middle-income countries,2021-04-30,1.93
Upper-middle-income countries,2021-05-01,1.95
Upper-middle-income countries,2021-05-02,1.97
Upper-middle-income countries,2021-05-03,2.0
Upper-middle-income countries,2021-05-04,2.07
Upper-middle-income countries,2021-05-05,2.14
Upper-middle-income countries,2021-05-06,2.18
Upper-middle-income countries,2021-05-07,2.25
Upper-middle-income countries,2021-05-08,2.27
Upper-middle-income countries,2021-05-09,2.28
Upper-middle-income countries,2021-05-10,2.32
Upper-middle-income countries,2021-05-11,2.36
Upper-middle-income countries,2021-05-12,2.42
Upper-middle-income countries,2021-05-13,2.46
Upper-middle-income countries,2021-05-14,2.5
Upper-middle-income countries,2021-05-15,2.52
Upper-middle-income countries,2021-05-16,2.56
Upper-middle-income countries,2021-05-17,2.59
Upper-middle-income countries,2021-05-18,2.64
Upper-middle-income countries,2021-05-19,2.7
Upper-middle-income countries,2021-05-20,2.74
Upper-middle-income countries,2021-05-21,2.79
Upper-middle-income countries,2021-05-22,2.84
Upper-middle-income countries,2021-05-23,2.87
Upper-middle-income countries,2021-05-24,2.89
Upper-middle-income countries,2021-05-25,2.93
Upper-middle-income countries,2021-05-26,2.96
Upper-middle-income countries,2021-05-27,2.99
Upper-middle-income countries,2021-05-28,3.04
Upper-middle-income countries,2021-05-29,3.07
Upper-middle-income countries,2021-05-30,3.09
Upper-middle-income countries,2021-05-31,3.12
Upper-middle-income countries,2021-06-01,3.19
Upper-middle-income countries,2021-06-02,3.24
Upper-middle-income countries,2021-06-03,3.28
Upper-middle-income countries,2021-06-04,3.33
Upper-middle-income countries,2021-06-05,3.36
Upper-middle-income countries,2021-06-06,3.37
Upper-middle-income countries,2021-06-07,3.41
Upper-middle-income countries,2021-06-08,3.46
Upper-middle-income countries,2021-06-09,3.51
Upper-middle-income countries,2021-06-10,3.56
Upper-middle-income countries,2021-06-11,3.62
Upper-middle-income countries,2021-06-12,3.66
Upper-middle-income countries,2021-06-13,3.68
Upper-middle-income countries,2021-06-14,3.72
Upper-middle-income countries,2021-06-15,3.77
Upper-middle-income countries,2021-06-16,3.81
Upper-middle-income countries,2021-06-17,3.88
Upper-middle-income countries,2021-06-18,3.94
Upper-middle-income countries,2021-06-19,4.0
Upper-middle-income countries,2021-06-20,4.03
Upper-middle-income countries,2021-06-21,4.09
Upper-middle-income countries,2021-06-22,4.15
Upper-middle-income countries,2021-06-23,4.21
Upper-middle-income countries,2021-06-24,4.29
Upper-middle-income countries,2021-06-25,4.35
Upper-middle-income countries,2021-06-26,4.39
Upper-middle-income countries,2021-06-27,4.42
Upper-middle-income countries,2021-06-28,4.48
Upper-middle-income countries,2021-06-29,4.55
Upper-middle-income countries,2021-06-30,4.62
Upper-middle-income countries,2021-07-01,4.69
Upper-middle-income countries,2021-07-02,4.75
Upper-middle-income countries,2021-07-03,4.8
Upper-middle-income countries,2021-07-04,4.83
Upper-middle-income countries,2021-07-05,4.89
Upper-middle-income countries,2021-07-06,4.96
Upper-middle-income countries,2021-07-07,5.06
Upper-middle-income countries,2021-07-08,5.16
Upper-middle-income countries,2021-07-09,5.23
Upper-middle-income countries,2021-07-10,5.29
Upper-middle-income countries,2021-07-11,5.36
Upper-middle-income countries,2021-07-12,5.47
Upper-middle-income countries,2021-07-13,5.55
Upper-middle-income countries,2021-07-14,5.67
Upper-middle-income countries,2021-07-15,5.78
Upper-middle-income countries,2021-07-16,5.87
Upper-middle-income countries,2021-07-17,5.94
Upper-middle-income countries,2021-07-18,6.0
Upper-middle-income countries,2021-07-19,6.06
Upper-middle-income countries,2021-07-20,6.17
Upper-middle-income countries,2021-07-21,6.26
Upper-middle-income countries,2021-07-22,6.39
Upper-middle-income countries,2021-07-23,6.5
Upper-middle-income countries,2021-07-24,6.58
Upper-middle-income countries,2021-07-25,6.66
Upper-middle-income countries,2021-07-26,6.76
Upper-middle-income countries,2021-07-27,6.9
Upper-middle-income countries,2021-07-28,7.04
Upper-middle-income countries,2021-07-29,7.18
Upper-middle-income countries,2021-07-30,7.32
Upper-middle-income countries,2021-07-31,7.42
Upper-middle-income countries,2021-08-01,7.47
Upper-middle-income countries,2021-08-02,7.56
Upper-middle-income countries,2021-08-03,7.67
Upper-middle-income countries,2021-08-04,7.8
Upper-middle-income countries,2021-08-05,7.91
Upper-middle-income countries,2021-08-06,8.02
Upper-middle-income countries,2021-08-07,8.12
Upper-middle-income countries,2021-08-08,8.2
Upper-middle-income countries,2021-08-09,8.29
Upper-middle-income countries,2021-08-10,8.45
Upper-middle-income countries,2021-08-11,8.58
Upper-middle-income countries,2021-08-12,39.5
Upper-middle-income countries,2021-08-13,39.68
Upper-middle-income countries,2021-08-14,39.84
Upper-middle-income countries,2021-08-15,39.92
Upper-middle-income countries,2021-08-16,40.03
Upper-middle-income countries,2021-08-17,40.18
Upper-middle-income countries,2021-08-18,40.34
Upper-middle-income countries,2021-08-19,40.48
Upper-middle-income countries,2021-08-20,40.62
Upper-middle-income countries,2021-08-21,40.72
Upper-middle-income countries,2021-08-22,40.79
Upper-middle-income countries,2021-08-23,40.9
Upper-middle-income countries,2021-08-24,41.03
Upper-middle-income countries,2021-08-25,41.16
Upper-middle-income countries,2021-08-26,45.75
Upper-middle-income countries,2021-08-27,46.01
Upper-middle-income countries,2021-08-28,46.12
Upper-middle-income countries,2021-08-29,46.19
Upper-middle-income countries,2021-08-30,46.31
Upper-middle-income countries,2021-08-31,46.44
Upper-middle-income countries,2021-09-01,46.61
Upper-middle-income countries,2021-09-02,46.74
Upper-middle-income countries,2021-09-03,46.88
Upper-middle-income countries,2021-09-04,47.0
Upper-middle-income countries,2021-09-05,47.07
Upper-middle-income countries,2021-09-06,50.33
Upper-middle-income countries,2021-09-07,50.45
Upper-middle-income countries,2021-09-08,50.66
Upper-middle-income countries,2021-09-09,50.86
Upper-middle-income countries,2021-09-10,51.1
Upper-middle-income countries,2021-09-11,51.23
Upper-middle-income countries,2021-09-12,51.3
Upper-middle-income countries,2021-09-13,51.42
Upper-middle-income countries,2021-09-14,51.57
Upper-middle-income countries,2021-09-15,53.38
Upper-middle-income countries,2021-09-16,53.51
Upper-middle-income countries,2021-09-17,53.65
Upper-middle-income countries,2021-09-18,54.16
Upper-middle-income countries,2021-09-19,54.25
Upper-middle-income countries,2021-09-20,54.36
Upper-middle-income countries,2021-09-21,54.52
Upper-middle-income countries,2021-09-22,54.67
Upper-middle-income countries,2021-09-23,54.79
Upper-middle-income countries,2021-09-24,54.92
Upper-middle-income countries,2021-09-25,55.0
Upper-middle-income countries,2021-09-26,55.08
Upper-middle-income countries,2021-09-27,55.2
Upper-middle-income countries,2021-09-28,56.32
Upper-middle-income countries,2021-09-29,56.43
Upper-middle-income countries,2021-09-30,56.57
Upper-middle-income countries,2021-10-01,56.68
Upper-middle-income countries,2021-10-02,56.77
Upper-middle-income countries,2021-10-03,56.82
Upper-middle-income countries,2021-10-04,56.91
Upper-middle-income countries,2021-10-05,57.21
Upper-middle-income countries,2021-10-06,57.37
Upper-middle-income countries,2021-10-07,57.56
Upper-middle-income countries,2021-10-08,57.73
Upper-middle-income countries,2021-10-09,57.84
Upper-middle-income countries,2021-10-10,57.9
Upper-middle-income countries,2021-10-11,58.0
Upper-middle-income countries,2021-10-12,58.09
Upper-middle-income countries,2021-10-13,58.19
Upper-middle-income countries,2021-10-14,58.33
Upper-middle-income countries,2021-10-15,58.46
Upper-middle-income countries,2021-10-16,58.52
Upper-middle-income countries,2021-10-17,58.66
Upper-middle-income countries,2021-10-18,58.74
Upper-middle-income countries,2021-10-19,58.85
Upper-middle-income countries,2021-10-20,58.96
Upper-middle-income countries,2021-10-21,59.05
Upper-middle-income countries,2021-10-22,59.16
Upper-middle-income countries,2021-10-23,60.03
Upper-middle-income countries,2021-10-24,60.11
Upper-middle-income countries,2021-10-25,60.23
Upper-middle-income countries,2021-10-26,60.35
Upper-middle-income countries,2021-10-27,60.44
Upper-middle-income countries,2021-10-28,60.58
Upper-middle-income countries,2021-10-29,60.83
Upper-middle-income countries,2021-10-30,61.09
Upper-middle-income countries,2021-10-31,61.15
Upper-middle-income countries,2021-11-01,61.2
Upper-middle-income countries,2021-11-02,61.26
Upper-middle-income countries,2021-11-03,61.35
Upper-middle-income countries,2021-11-04,61.5
Upper-middle-income countries,2021-11-05,61.8
Upper-middle-income countries,2021-11-06,61.87
Upper-middle-income countries,2021-11-07,61.98
Upper-middle-income countries,2021-11-08,62.06
Upper-middle-income countries,2021-11-09,62.15
Upper-middle-income countries,2021-11-10,62.27
Upper-middle-income countries,2021-11-11,62.37
Upper-middle-income countries,2021-11-12,62.53
Upper-middle-income countries,2021-11-13,62.61
Upper-middle-income countries,2021-11-14,62.69
Upper-middle-income countries,2021-11-15,62.78
Upper-middle-income countries,2021-11-16,62.86
Upper-middle-income countries,2021-11-17,62.97
Upper-middle-income countries,2021-11-18,63.07
Upper-middle-income countries,2021-11-19,63.24
Upper-middle-income countries,2021-11-20,63.37
Upper-middle-income countries,2021-11-21,63.43
Upper-middle-income countries,2021-11-22,63.51
Upper-middle-income countries,2021-11-23,63.58
Upper-middle-income countries,2021-11-24,63.69
Upper-middle-income countries,2021-11-25,63.76
Upper-middle-income countries,2021-11-26,63.85
Upper-middle-income countries,2021-11-27,63.94
Upper-middle-income countries,2021-11-28,64.0
Upper-middle-income countries,2021-11-29,65.43
Upper-middle-income countries,2021-11-30,65.51
Upper-middle-income countries,2021-12-01,65.63
Upper-middle-income countries,2021-12-02,65.72
Upper-middle-income countries,2021-12-03,66.39
Upper-middle-income countries,2021-12-04,66.46
Upper-middle-income countries,2021-12-05,66.51
Upper-middle-income countries,2021-12-06,66.56
Upper-middle-income countries,2021-12-07,66.63
Upper-middle-income countries,2021-12-08,66.7
Upper-middle-income countries,2021-12-09,66.78
Upper-middle-income countries,2021-12-10,68.33
Upper-middle-income countries,2021-12-11,68.4
Upper-middle-income countries,2021-12-12,68.46
Upper-middle-income countries,2021-12-13,68.51
Upper-middle-income countries,2021-12-14,68.58
Upper-middle-income countries,2021-12-15,68.66
Upper-middle-income countries,2021-12-16,68.71
Upper-middle-income countries,2021-12-17,69.8
Upper-middle-income countries,2021-12-18,69.84
Upper-middle-income countries,2021-12-19,70.17
Upper-middle-income countries,2021-12-20,70.44
Upper-middle-income countries,2021-12-21,70.51
Upper-middle-income countries,2021-12-22,70.58
Upper-middle-income countries,2021-12-23,70.62
Upper-middle-income countries,2021-12-24,70.65
Upper-middle-income countries,2021-12-25,71.06
Upper-middle-income countries,2021-12-26,71.07
Upper-middle-income countries,2021-12-27,71.12
Upper-middle-income countries,2021-12-28,71.33
Upper-middle-income countries,2021-12-29,71.41
Upper-middle-income countries,2021-12-30,71.43
Upper-middle-income countries,2021-12-31,71.47
